number,label,train,habitat_1_mean,habitat_1_std,habitat_1_area,habitat_1_contrast,habitat_1_dissimilarity,habitat_1_homogeneity,habitat_1_ASM,habitat_1_correlation,habitat_2_mean,habitat_2_std,habitat_2_area,habitat_2_contrast,habitat_2_dissimilarity,habitat_2_homogeneity,habitat_2_ASM,habitat_2_correlation,habitat_3_mean,habitat_3_std,habitat_3_area,habitat_3_contrast,habitat_3_dissimilarity,habitat_3_homogeneity,habitat_3_ASM,habitat_3_correlation
1,1,1,0.121945783495903,0.0235477443784475,8828,35.8340473688465,4.26683372403201,0.21325479661238,0.0036465500262114,0.4768099283878240,0.1886489987373350,0.0202335808426141,11167,31.09203495316530,4.286980574589800,0.2014601254883420,0.0037523220965844,0.3672551607346970,0.2696319818496700,0.0465005040168762,3695,49.97067448680350,4.694875017455660,0.1961401624659170,0.0034524819178251,0.8198839928897420
2,1,1,0.05422979965806,0.0225495640188455,10420,25.430500153421300,3.622232937360280,0.2530332842755250,0.0038617057713728,0.5870673062963380,0.1295183151960370,0.023582087829709,8834,41.35102807433770,5.037663107947810,0.1675640219229550,0.0029036007539899,0.3560532179798640,0.2230900824069980,0.0455573238432407,4856,39.400501372806500,4.829175122358840,0.1716438512192590,0.0022993231593939,0.8551633152067390
3,1,1,0.0438722558319568,0.0261925309896469,28278,48.50555083326890,4.939211292275200,0.2247552641116000,0.002943128950031,0.4129164293818400,0.1293294727802280,0.0257842782884836,25110,54.686010051759100,5.817117995649240,0.1474793260561760,0.0022882581452729,0.3091333297221750,0.2294708788394930,0.0476306714117527,12538,122.90884766966800,7.467548902628630,0.140548050980445,0.0015701606086028,0.6053166921217840
4,1,1,0.1031374707818030,0.0250286068767309,12871,43.31746513038210,4.790357792601580,0.2000544830452880,0.0027572382475587,0.4558178263707820,0.180855318903923,0.0229650419205427,12311,36.60758166017380,4.703626011387470,0.1795607358562120,0.003046583205582,0.406131814669224,0.270429790019989,0.0382265970110893,5173,31.682383915749200,4.413834370512210,0.187372994735582,0.0023934610640293,0.8337106889326480
5,1,1,0.075503334403038,0.0455972962081432,9260,106.63637650389200,7.288228355744280,0.1587931958147760,0.0018809400860509,0.5524657014610910,0.2216782718896870,0.0437625832855701,11749,91.88784961445450,7.420267372359360,0.1167915529849730,0.0009822466905296,0.5794126328377610,0.3883323669433590,0.0696262940764427,5819,99.61758923952410,7.930056906363170,0.1083281749649540,0.0007441317236582,0.8424933998271710
6,1,1,0.1387377232313160,0.03842344135046,27378,87.61386676813520,6.626668116217760,0.1543904106313900,0.0014314245627029,0.5153583173850340,0.2490940541028980,0.0359350219368934,27319,86.99797415298640,6.988417743625570,0.1360398159513550,0.0013762166043717,0.4296773607412540,0.3986708521842960,0.0682666227221489,9698,115.4384899828910,7.321485733208240,0.1265871741082250,0.0009773767815897,0.811422151708194
7,1,1,0.0291970297694206,0.0194059126079082,6821,27.144559758955500,3.807432206226980,0.2590401757024990,0.0061248918284331,0.4049240500374750,0.0917305350303649,0.0196906458586454,6770,26.368898128898100,4.072016632016630,0.1967621365355140,0.0043213298697706,0.4198048619209400,0.1713799089193340,0.0344268083572387,3086,34.4703177257525,4.645066889632110,0.1723978324765020,0.0026363834017516,0.7852336417867000
8,1,1,0.0823208540678024,0.03131003677845,39222,50.23908786558020,4.575390057482160,0.2503059243386800,0.0026377533414835,0.5950387585368850,0.1798581928014760,0.027591997757554,45649,56.94119248960870,5.580636376666190,0.1766362162914000,0.0021227170812823,0.3800810425322460,0.2782164812088010,0.0448925569653511,20454,69.5751503955284,5.19506418454834,0.1980600502401030,0.0023519887743319,0.7365293788431400
9,1,1,0.0441960543394088,0.0274682454764843,21419,50.17229390628860,5.177574443943380,0.1958519514356050,0.0024241964790109,0.4513081545320530,0.1562273800373080,0.0427201092243194,8073,67.54603037943550,5.992620380050430,0.1525815043296690,0.0015552485130282,0.6818107201266680,0.3626813888549800,0.0943635255098342,1600,50.08504398826980,5.749266862170090,0.1394790974270180,0.0011991425942329,0.955997268482376
10,1,1,0.0691620409488678,0.0222107116132974,16410,23.79723918363470,3.516025564874430,0.2598789367171780,0.0041611876419622,0.5969452675632020,0.1535414755344390,0.0262912791222333,9094,40.53973947517460,4.820275627713800,0.1864120577235720,0.0026265307953191,0.493786764900928,0.251354843378067,0.0465056411921978,5153,66.48440598521720,5.568956192536510,0.1686423495386360,0.0022120328150132,0.7498421833769210
11,1,1,0.0083801336586475,0.0118752336129546,57232,15.425248679445200,2.729721905094860,0.4061905537802070,0.0597310027536803,0.1925768551609660,0.0752318874001503,0.0244961809366941,20871,33.01193868180000,4.3150210751877900,0.2048526436825920,0.0036396225204822,0.5249146538978180,0.1879975199699400,0.0530053377151489,6135,39.53212553212550,4.861498861498860,0.1717441851279280,0.0017908325006632,0.8954293802058720
12,1,1,0.0274804811924695,0.0155841074883937,10901,15.1215859030837,2.895074088906690,0.2939326908222400,0.0074869434831609,0.491814829914263,0.0773968547582626,0.0163131617009639,8730,18.088751890194300,3.3422123996743000,0.2389807240610600,0.0064021334838908,0.4179214366910920,0.1485984176397320,0.0333358086645603,3324,22.59877800407330,3.707461581188670,0.2166345370757790,0.0038210469434829,0.8361592072785760
13,1,1,0.1058978289365770,0.0256812255829572,11412,26.585067319461400,3.765281877744980,0.2334572128469840,0.0035742330520424,0.6504641779180770,0.1807884275913240,0.0219401773065328,14885,33.44279792746110,4.438652849740930,0.1950849342522270,0.003301931595479,0.410903744115735,0.2614509463310240,0.0362837724387645,7227,49.067378627134100,4.575282793508050,0.2024394296275790,0.0030342985076747,0.7218739714561400
14,1,1,0.0647934675216674,0.0276918411254882,16545,43.95073368844260,4.642666176860750,0.2369486983844440,0.0030175671464234,0.5066195140675000,0.1808923333883290,0.0370095446705818,8154,55.7123304411585,5.571061957717220,0.159040671644825,0.0016500753141854,0.6393322170338640,0.3325627446174620,0.0770951882004737,2570,69.3558998808105,6.494398092967820,0.132434331294164,0.0013469125086479,0.914927984964516
15,1,1,0.0388565324246883,0.0374474264681339,8746,77.70629107981220,6.162629107981220,0.2195895956401400,0.0086390883643016,0.5264958100164520,0.1925881057977680,0.0466178804636001,6693,129.04363199208000,8.768121066402660,0.1031489579002760,0.0008326387176148,0.4894047599778470,0.3750057518482210,0.0794440582394599,2629,167.66621560667600,9.830401443391970,0.0904756116554204,0.0007503424658231,0.7984971391978170
16,1,1,0.0570665188133716,0.0394495092332363,12644,95.54874707651190,6.889341797527560,0.1763918669702200,0.0030844327821828,0.4744371961298490,0.1879758536815640,0.0378458574414253,12697,87.75877072635330,7.309082356630470,0.117188693284493,0.0011535558870697,0.4676233580950880,0.3308950960636140,0.0608050189912319,5343,82.70439535413350,7.023229332726030,0.1218421839894340,0.0010229045031707,0.8344779093867510
17,1,1,0.0511531233787536,0.0205822009593248,8968,12.946591302341700,2.546083746683590,0.3255713552635470,0.0065455393534673,0.7499193172649540,0.111201986670494,0.0198030732572078,12056,21.22097429890440,3.384965203610560,0.2613529469034270,0.0050054606203248,0.5427396015378170,0.1965689659118650,0.0437845289707183,2878,30.52965681412420,3.892878397143420,0.2277549665869450,0.0037960888931354,0.8787268161927250
18,1,1,0.2667441666126250,0.0592596977949142,22277,193.9838005215120,9.261114732724900,0.1390976496344840,0.0006958452818257,0.5532050295570810,0.4438823461532590,0.0499066673219203,34069,120.72342239581500,7.723433917481820,0.1390173883853970,0.0009339367838317,0.5877406202363740,0.6103373169898990,0.0556306578218936,31293,165.94611944349400,8.727045301676840,0.1308100166181660,0.00080697695824,0.5819988286484510
19,1,1,0.0958667173981666,0.0265542231500148,9487,26.82454651532830,3.7325766415614700,0.2349443497451600,0.0040528724243256,0.6841088846673860,0.1669919043779370,0.0212735142558813,12363,25.76471469783820,3.8554568955827800,0.2207120788788880,0.0043131276070145,0.4745588230328250,0.2455604970455170,0.0359374433755874,5559,21.120325882598700,3.241069563400880,0.2595095608318340,0.0045777355799943,0.870250889619303
20,1,1,0.1607083827257160,0.0297712236642837,45444,65.21274744529050,5.738822583451840,0.1963924040355000,0.0025088873726593,0.4452408008144760,0.2433636933565140,0.0288097448647022,43884,50.936527325371000,5.142674025817350,0.1970667164175550,0.0026921410239426,0.4815843395229660,0.3688570857048030,0.0499231331050396,18780,161.5826721618040,8.70487844732112,0.1294549625870760,0.0011554212160821,0.4939467506410530
21,1,1,0.0678377449512481,0.0340812653303146,24856,71.39460646323610,5.740794955523030,0.2151397459077600,0.0022602453798622,0.4543072243494750,0.1700918674468990,0.0307532418519258,25044,54.01915891788630,5.272466780908500,0.1905737287780500,0.0021580923724181,0.496243640236341,0.2878302335739140,0.051543366163969,10797,85.53435401109680,5.654332318217850,0.2036254257249290,0.00207417100984,0.7472159141757980
22,1,1,0.1836171448230740,0.0289083179086446,7912,15.318549252450100,2.9874812218327500,0.2679015131243650,0.004527086379316,0.8544944928248210,0.263102650642395,0.0251573827117681,9305,27.837561742254200,3.919286035024700,0.2212435358010890,0.0039636765406553,0.621137147349411,0.3610031306743620,0.0455366633832454,3744,47.7061028639976,4.773129404708350,0.2012867661822810,0.0031354522992975,0.8207514125653080
23,1,1,0.0649462267756462,0.0320119634270668,81313,39.75868014592450,3.5556684876974500,0.3621643790321570,0.0042993520715202,0.70365345184508,0.1804983764886860,0.0355669036507606,59492,67.73726945270990,5.675348456191500,0.1949203252662000,0.0017943512982752,0.5433942121608860,0.3119796514511110,0.0600423328578472,34947,229.0143884090280,8.711016996377820,0.1697428499932210,0.001302380784728,0.5601501999177810
24,1,1,0.1266715824604030,0.0404688827693462,13029,89.08746629147620,6.551647320905150,0.1641181550535640,0.0012666347244435,0.5853513121422710,0.2538094818592070,0.040410965681076,14143,79.08812212594240,6.278412112491010,0.1613011325338530,0.0013586826740254,0.5903879536812420,0.4224958121776580,0.0763247236609458,5786,111.97447495961200,7.406462035541200,0.1370155343364380,0.0009422018420455,0.8367785582141190
25,1,1,0.0424520634114742,0.0284900274127721,22773,68.97570252143650,6.162424654045340,0.1876735875291200,0.0036776329578985,0.3137943365262010,0.1341924667358400,0.0290025416761636,22184,77.03274772066110,6.918691391331200,0.1255959160356520,0.0016762223420873,0.2520297773967990,0.2538276612758640,0.0699137076735496,5771,250.41467561521300,10.954093959731500,0.1040447226582220,0.0011597235359768,0.6149006206318590
26,1,1,0.0478027500212192,0.0340012349188327,26489,65.07995866434150,5.054059290835110,0.274504223860942,0.0054076071641082,0.5405635885254430,0.1618239879608150,0.0375392027199268,41115,68.08458070031350,5.628186861999030,0.1982846562015930,0.0017643352611718,0.6125341291390720,0.334793359041214,0.0786825865507125,10145,159.06074007220200,7.681498194945850,0.1475470365655650,0.0009913339480509,0.7897539841203470
27,1,1,0.0626354292035102,0.0338393002748489,21561,101.51792228927900,7.069858276259580,0.1870944436700600,0.0017745861299682,0.2980211037196840,0.1718257367610930,0.0371288396418094,17442,67.04014573608110,5.75948992371627,0.1797249985377360,0.0016984603367473,0.5806936214432340,0.3213736116886140,0.0873374640941619,7802,121.5544439699870,6.902824376258160,0.1650458257154600,0.0013669943296972,0.8670880004959360
28,1,1,0.1237077116966250,0.0371482409536838,16705,53.94355774010050,4.700833931628650,0.2176535227568290,0.0023254162741391,0.6919989326383920,0.2261184751987460,0.030784523114562,22043,55.15037899796640,5.435237567017930,0.174616931174072,0.0019469136588598,0.5121236712350730,0.343093067407608,0.0506517365574836,10208,111.9728134501880,6.96226077624754,0.1565459220415580,0.0014451667970226,0.6593802821657270
29,1,1,0.1055990532040600,0.0438981316983699,33885,147.35868372344400,8.460844212216020,0.1492702665755540,0.0010757960491364,0.3887848212907900,0.2368422448635100,0.0450574420392513,27064,100.23670253068600,6.906032594470240,0.1606172953089490,0.0012041914617428,0.5824258217794710,0.4419136345386510,0.0870668962597847,8589,64.83835383962670,5.531971634644520,0.1729465022942370,0.0009449336340311,0.9316741388377870
30,1,1,0.0989052802324295,0.0426608584821224,34957,130.3379468921530,8.020486574692180,0.1485423753301180,0.0009691169098728,0.4401532240792650,0.2502751648426060,0.0589715354144573,16343,182.57708605281700,9.447494728386390,0.119360130002337,0.0007894453815518,0.5657405647507850,0.5887542366981510,0.1232287883758540,3204,175.39055793991400,8.743821222435990,0.1118598521942450,0.0004841092555061,0.9051043055285100
31,1,1,0.1618686765432360,0.0252449382096529,3027,19.293887147335400,3.4365203761755500,0.2316560385958750,0.0035383920411552,0.7553996863838400,0.2410923093557360,0.027734886854887,2236,30.772807533843400,4.399646851088880,0.1874912807683270,0.0031065949190761,0.6504214921997270,0.3656705319881440,0.0548345260322093,561,78.80451127819550,7.075187969924810,0.120305673536409,0.0024591554073152,0.7928948072443250
32,1,1,0.2085895091295240,0.0493159405887126,22394,169.37888367834300,8.902857001447680,0.1537731882820400,0.0008382176125572,0.4541306717128070,0.4128458201885220,0.0750394985079765,6932,176.00242165242200,8.363960113960120,0.1343354177820930,0.0007403146078359,0.7361485008122170,0.7354220747947690,0.1159718558192250,2713,108.09163428103900,7.077111883820820,0.1380353043381240,0.0006485981005777,0.9341198905896190
33,1,1,0.2082259356975560,0.0439219549298286,2857,31.97753259779340,4.370712136409230,0.1903342202583110,0.001701272322484,0.862754789214693,0.3484971225261690,0.0483060963451862,2518,59.76924922043660,6.035500119932840,0.1428211700653920,0.0013170460953475,0.7760906930281270,0.5682952404022220,0.0987299606204032,634,120.32947976878600,8.560693641618500,0.1016626449693960,0.0014887084618782,0.9079448452254220
34,1,1,0.1800427287817000,0.0457293018698692,20873,19.25561289276740,3.469375624780480,0.2245460633170240,0.0017794498674218,0.9252377320565730,0.3191352486610410,0.0485935099422931,17495,34.793578289783000,4.617988849331630,0.1771219204219840,0.0014604839631797,0.8706570072886650,0.5227558612823490,0.0994498506188392,5992,63.22172734314490,6.113671572424480,0.1394575846577040,0.0009451981212961,0.9516767532901100
35,1,1,0.2451237738132480,0.0493798777461051,6783,43.79044939170740,5.216585285111310,0.1567140261831430,0.0011521389042898,0.8554236070730110,0.4009090960025790,0.0727066174149513,3244,86.67915781340550,7.097933165926210,0.1272179757547470,0.0011622931086738,0.8672591944424530,0.8550201654434200,0.1322407275438310,564,85.30128205128210,6.442307692307690,0.2002513935262180,0.0053761231645847,0.9577129563741510
36,1,1,0.0894898697733879,0.039530549198389,15909,103.5315382465290,6.828193422155970,0.1869059356411550,0.0014745768018898,0.4773623336695650,0.20209401845932,0.0333981625735759,21355,72.51742192335360,6.292099496495540,0.1547391943043390,0.0015592665950367,0.4568756398609680,0.3377793133258820,0.0756718590855598,7119,307.8117713161960,9.152409046214360,0.1435747737006020,0.0013685631345961,0.6456530063904650
37,1,1,0.2603876888751980,0.0378268472850322,9106,34.94445714285710,4.331428571428570,0.2060489165493370,0.0017977926530612,0.796443525292087,0.386231392621994,0.0471983514726161,5736,51.648248540450400,5.6002919099249400,0.1502477517819850,0.0014345948562918,0.8065572580863360,0.6476735472679140,0.1220002844929700,555,114.51108518086300,8.018669778296380,0.1180776632703130,0.0016624707774127,0.9409727407811180
38,1,1,0.1841895580291750,0.0397345088422298,8969,25.233204584309500,3.905021211929340,0.2047866667813330,0.0019603129513279,0.8677769801820900,0.3042479455471040,0.0488667897880077,4822,50.94735473807360,5.403613674769270,0.161502797853646,0.0017716629863119,0.8140248079076630,0.5614500641822820,0.0984379053115844,1368,122.54076539101500,8.826955074875210,0.0886427670919628,0.0008087602193792,0.895998438321701
39,1,1,0.1247382536530490,0.0501402132213115,41154,161.75463123203600,8.278235090517830,0.1971041220857010,0.0011413117051485,0.4698296395167240,0.3181481659412380,0.0599073246121406,25136,201.08233147623200,9.960837976085750,0.1133761093661270,0.0006212872272461,0.5256254435101600,0.53687983751297,0.0977615937590599,13526,376.8470266040690,12.34963484611370,0.0971244178993593,0.0004989925375977,0.6906238373674350
40,1,0,0.2225472331047060,0.041796538978815,12501,35.405034952254800,4.6775711609631300,0.1714503260347470,0.0015706533737632,0.8389037473661460,0.347036600112915,0.0496680364012718,7671,60.73146488512300,6.073814567378200,0.1412719050327100,0.001300329245574,0.7941092338304390,0.6057793498039250,0.1072890534996990,1218,129.91988130563800,8.845697329376850,0.1107618928762790,0.000861933176209,0.9123908483766680
41,1,0,0.1853358000516890,0.0328042358160018,14377,89.39887928917460,6.834639340968460,0.1620372365487310,0.0015538771103633,0.3691836685765190,0.2800686359405520,0.0334097407758235,12352,52.869752159980500,5.265809434957210,0.1778233761446920,0.0021069584518057,0.6037279409162970,0.4436137676239010,0.084128089249134,1893,51.68314833501510,5.551967709384460,0.1603957255007920,0.0014573362301299,0.946471694420812
42,1,0,0.0801660418510437,0.0370569825172424,26057,103.54169388489700,7.08762714801829,0.1685801591198370,0.0013558107996671,0.4059275981902010,0.2010736912488940,0.0445147305727005,20633,123.18325373735200,7.931419370185360,0.1344901598211970,0.0011163228646387,0.4873308106267790,0.3961556553840640,0.0833421051502227,7164,209.30736159798900,9.164230438521070,0.1215120280912540,0.000732793555193,0.7603480192141780
43,1,0,0.2128657102584840,0.0433210767805576,48199,122.58683216074200,7.293926080678360,0.2192425854628260,0.001360613811292,0.5116150388229090,0.3400337398052220,0.0439731068909168,48644,111.70056965725400,6.823188721058280,0.2150368684604370,0.0015092789981509,0.5313381746293570,0.5604233145713810,0.1011684089899060,8950,93.50307167235500,4.075581756127830,0.2524122206580840,0.0014045687945844,0.9317036353732420
44,1,0,0.1916537433862690,0.0596962794661521,19088,200.95987131730400,9.056129359972910,0.1419837695056040,0.0007354692201184,0.5588906547955500,0.3696869313716890,0.057762011885643,23708,166.34390524757400,8.992301365356150,0.1223536809273040,0.0006736688219357,0.5860271147564790,0.6137921810150150,0.1005761846899990,9971,328.2740734400410,11.17538303517930,0.1143746385471670,0.00048692056601,0.7313583258885450
45,1,0,0.3274672031402590,0.0436546318233013,5435,27.704781281790400,4.0836215666327600,0.1997566828527740,0.0016033505504046,0.8805046043572860,0.4825808405876160,0.0579865388572216,2409,62.15749621403330,6.100959111559820,0.142250913653661,0.0012752394593667,0.8412822825862940,0.7680136561393740,0.1166480258107190,460,113.85885486018600,8.287616511318240,0.1169334661991080,0.0019840390353917,0.9333045526793880
46,1,0,0.1656522899866100,0.0338939614593982,15249,59.26433740144720,5.499675990927750,0.1804962594287180,0.0017390379467616,0.5785017805403160,0.2793275117874150,0.0412425734102726,11426,108.42770981701700,7.769789075544350,0.1255658560176520,0.0012088607733167,0.4601387249352790,0.4621487855911260,0.0891247242689132,2979,124.57498026835000,7.689423835832680,0.1232010244849940,0.0009713982965061,0.8809271020915730
47,1,0,0.1192002296447750,0.0250582695007324,34465,49.45610614346430,5.070772464849880,0.2193512116726590,0.0028507363831727,0.3581393274051950,0.2303475886583330,0.0461643412709236,11042,113.15189333746800,7.18406263323127,0.1531102706529480,0.0015315635625692,0.5722903025713680,0.4966784417629240,0.1161900386214260,1585,76.29470672389130,6.7811158798283300,0.1269100610590130,0.0008488521308797,0.9556297847729490
48,1,0,0.372178167104721,0.0446797721087932,5372,19.794105263157900,3.482947368421050,0.226073122640685,0.001838515235457,0.9186158375868850,0.5192618370056150,0.0527689009904861,4250,44.200418702023700,5.22205163991626,0.1604636142974560,0.0013759021840389,0.8580635771939610,0.7508962154388430,0.0883196219801902,2422,79.2158902813904,6.906597304327260,0.1238103337998250,0.0007795043747802,0.9196306234644700
49,1,0,0.1507216989994050,0.0122290113940835,11811,2.023924601256650,0.9407926534557760,0.622016175101308,0.0302621645427063,0.8875563941665470,0.2031462788581850,0.0188435669988393,9568,6.4532981530343,1.9126649076517100,0.3883245089860690,0.0097441973391998,0.8396490009524110,0.2829459309577940,0.0494687743484973,2737,16.945310681871100,3.1207819408889900,0.2627496544134310,0.0053460725016706,0.9489749088407330
50,1,0,0.1502405107021330,0.0392178744077682,4635,10.73753411064250,2.47953361448772,0.3107300163585020,0.0029937298760209,0.9420832651212860,0.2853671014308930,0.0433242954313755,4339,31.38113816763080,4.299206242432400,0.1978080232364230,0.0018247227589742,0.8515989000388220,0.4698039293289180,0.0819490030407905,1495,74.30543435144780,6.676715589051960,0.1191403088653120,0.0011629405418129,0.9163334851365900
51,1,0,0.1805565953254700,0.0422837026417255,13548,46.883730910911600,4.182969135581700,0.2622847133555250,0.0019929369170533,0.7873957824088390,0.3325046896934510,0.055002674460411,7463,68.13838707478360,5.494171381825620,0.1786807228772230,0.0013228626300617,0.8075721477726890,0.5947006940841680,0.0988565385341644,1574,36.598907103825100,4.617850637522770,0.178196510978276,0.0011258091379922,0.9702693102951130
52,1,0,0.1649373322725300,0.0489159673452377,32194,190.17856474550900,9.875639346307390,0.1332878287731990,0.0007899290430569,0.3758596452993730,0.3308858871459960,0.0585809163749218,19670,204.1220372255340,10.44812418205610,0.0983295819200424,0.0006437364823122,0.499168590673408,0.5906494855880740,0.1002765446901320,8265,612.2621136805710,16.10425761832720,0.0754492799476161,0.0003127731165522,0.5161743428932220
53,1,0,0.3377695381641390,0.0425539463758468,25406,117.78876004065000,7.548675399885850,0.1617900071528050,0.0010883032726486,0.4851003079822680,0.4669422507286070,0.0419154614210128,27750,66.99994522648850,5.947490460280080,0.1555894184878170,0.0013329261186613,0.6689023049582550,0.6446845531463620,0.0855336487293243,8630,103.94030261348000,7.188995873452540,0.1283838449073400,0.0008610407375943,0.8917029731054640
54,1,0,0.1159376129508020,0.0181006509810686,16469,18.9256453997498,3.041737745934270,0.3214292672859150,0.0061358646418712,0.540919019085517,0.1931227594614030,0.0296465773135423,5546,19.815082644628100,3.2163223140495900,0.2623062034846110,0.0043159406802814,0.8061543171862460,0.333266019821167,0.0571319125592708,1340,105.65178965974400,6.496685815289440,0.1485482268797840,0.00174745258358,0.765269219247588
55,2,0,0.0658997371792793,0.0270087458193302,24048,48.082298259807400,5.002553974523710,0.1942446750201510,0.0024674789758823,0.468990416818764,0.1479602307081220,0.0248063001781702,21048,46.2674428900301,5.377855498494780,0.1558488958934210,0.0025121215698056,0.3649639063845940,0.2391257286071780,0.042936872690916,9545,54.46344591705860,5.11366273743358,0.1692821523718990,0.0022503057342555,0.785546407232768
56,2,0,0.0218931082636117,0.0166875459253788,16503,22.796029422802700,3.5332507693462400,0.2788948323574740,0.0080091153339176,0.3240973677225570,0.0830319598317146,0.0198827292770147,11626,25.733172233698400,3.876369022099230,0.219755323528867,0.0046018888793298,0.4483396086191000,0.1646180748939510,0.0371716506779193,4600,27.385190725504900,4.032410870107210,0.2032067195157080,0.0030502629859633,0.8487714376097760
57,2,0,0.0358587093651294,0.0213346313685178,11155,28.488484240577100,3.9428262798503100,0.2359179943111580,0.0043172236850669,0.4903348535050220,0.1093913242220880,0.0261090826243162,7841,33.64720102742310,4.479564856085220,0.1885365725254880,0.0031190315657276,0.5713575429175340,0.2209134399890900,0.0486836098134517,2454,43.52322924600150,5.139883219091140,0.1602463165016540,0.0019765114363683,0.8625498530184870
58,2,0,0.0325581356883049,0.0231532119214534,30196,35.00915670151230,4.296490363414700,0.2430446463432670,0.005162890134434,0.4461456785223960,0.1133976131677630,0.0247169695794582,29972,47.03255128033250,5.322402466818610,0.1638616980323070,0.0025145471923459,0.3506082812980220,0.207931712269783,0.0381625927984714,22804,70.03985784163870,5.891890859064510,0.1598533216892850,0.0018079843493692,0.6267459243054490
59,2,0,0.044839322566986,0.0228265319019556,2372,8.776723276723280,2.389110889110890,0.3037466122060010,0.0054851492164179,0.8464462197308930,0.1281952857971190,0.0282091721892356,1638,25.076862123613300,3.950079239302700,0.2059491897963260,0.0036728233051454,0.7307171470112540,0.2401627600193020,0.0480715334415435,878,36.91703056768560,4.81513828238719,0.1705148323542660,0.0025149956882761,0.8765977329477900
60,2,0,0.0598016194999218,0.0227946918457746,14867,32.73853756322700,4.223957483508540,0.2173127119740530,0.0033926896201595,0.4769202696320510,0.1324771046638490,0.0235092658549547,11253,30.596326319420500,4.183425319075540,0.2074308162647580,0.0034688343662889,0.5184686137130580,0.2251538932323460,0.0403520390391349,5731,22.9003294892916,3.6301482701812200,0.2227884657021780,0.0029026871765156,0.8896901940035940
61,2,0,0.0068146330304443,0.0099989660084247,28589,7.519099724806710,1.7690669637006900,0.5102325700613450,0.0883316829208862,0.4182531797927380,0.0678551495075225,0.0219089966267347,8523,23.54882023204280,3.699517663929080,0.2273017020910650,0.0045399684907143,0.579036834205575,0.170021116733551,0.0474645346403121,2026,36.30788485607010,4.689612015018770,0.1781107437238530,0.0021628255594837,0.8788686795153030
62,2,0,0.1153276488184930,0.0385687015950679,15166,57.065855531274,5.232886421357270,0.1894405980868670,0.0019397610526894,0.6760612058132460,0.2151754945516590,0.0281064752489328,26118,56.53248880957260,5.762294842163780,0.1547271849199890,0.001971916136888,0.397464346238333,0.3237862586975100,0.0529492199420928,10925,69.17443868739210,6.116501805620980,0.1451211007935290,0.0016050758588487,0.8146502616624180
63,2,0,0.0640791952610015,0.0238254480063915,15788,40.46305344089690,4.623868499791690,0.2186577019367980,0.002944569349337,0.4271059645819290,0.1452333927154540,0.0277388710528612,11764,44.7287103394906,4.979442145284480,0.1853256950020050,0.0025267127665144,0.5190652528172480,0.2584032118320470,0.0502503253519535,4665,80.57603949117140,6.06910955002848,0.1627783678230050,0.0018306467302222,0.7369186887449
64,2,0,0.0926436334848404,0.0278322156518697,27674,51.51236819253200,5.256370177397350,0.1832024455482120,0.0023145781127622,0.4600095964497680,0.1794829666614530,0.0271934904158115,28963,55.3235838400346,5.668605349804130,0.1600740995985810,0.0021148733424651,0.3786953660145020,0.285866767168045,0.0475132539868354,10896,93.19982593559620,6.472932985204530,0.1558448470634760,0.0016992071661815,0.6975041968723660
65,2,0,0.024142162874341,0.0293945893645286,24083,45.60742784144560,4.301001610723350,0.3306601197272240,0.026498014166648,0.5707153133943560,0.175196960568428,0.0502034872770309,8763,99.00813310982800,7.769044514807230,0.1099628539656320,0.0008807007711579,0.6504767930761460,0.3886766135692600,0.1044771522283550,2728,119.68896765618100,8.62826761187417,0.0989837322204579,0.0007479315569991,0.9181300946933700
66,2,0,0.0337640307843685,0.0338318012654781,22203,73.23255726624110,5.870634622606080,0.2506747806879960,0.0120846691331636,0.460022337621402,0.174668550491333,0.0439124964177608,14985,91.37576560765070,7.371897274257670,0.1170283618968100,0.0009927186974287,0.5846131092582320,0.3480542600154880,0.0768633261322975,6674,83.92609537216260,7.144465951082180,0.1168058876902430,0.0008276131811108,0.8895613757000220
67,2,0,0.0126580670475959,0.0173426587134599,20851,23.756418408711500,3.198195691916380,0.4065269130043460,0.0578016246314376,0.3781120853365530,0.1045761033892630,0.0300152618438005,14059,36.55687724561340,4.355670282903690,0.2136967796927470,0.0025273483360679,0.652131864907109,0.2246821671724320,0.0579867735505104,5705,47.355517690688600,5.185727172496740,0.1645816871026740,0.0016976703027165,0.8944153035353970
68,2,0,0.1342963576316830,0.0700713992118835,28280,264.289252433216,11.819866086836500,0.0923239396966052,0.0005968376071931,0.5642138317711630,0.3489929139614110,0.064944177865982,28477,330.7741833904590,13.900420264754700,0.0708332771448965,0.000447307402564,0.3439446958000420,0.593477189540863,0.0910928323864936,16345,494.25803858520900,15.613522686673800,0.0691302306855435,0.0003364867173635,0.5347482050789960
69,2,0,0.2253628820180890,0.0594408065080642,59136,254.25545044930800,10.99892639463030,0.1068535758869160,0.0006570565531324,0.405681740473076,0.3890051245689390,0.0536397732794284,45297,196.13892483237300,10.509861584911600,0.0940588507377146,0.0006020365580579,0.4299292895300240,0.6163526177406310,0.0909665375947952,16708,570.408362533958,16.39788968069610,0.0698643069615944,0.0003219795961335,0.4712773507321090
70,2,1,0.1926907747983930,0.0309084057807922,22197,26.558297979059100,3.423603419089220,0.2822749894243960,0.0032066901321239,0.7649128406434310,0.292642742395401,0.0338649228215217,16655,56.70795214637580,5.227304714989440,0.1926671025216440,0.0020453493438563,0.5746329909929560,0.4340364634990690,0.065955102443695,7786,74.67408542680080,5.684413940161260,0.164689196692404,0.0014550283233586,0.8655107835973510
71,2,1,0.0458347424864769,0.0420963317155838,7298,22.994837877076900,2.9941926117115700,0.350365214684178,0.0130574765778378,0.8895096715773250,0.2071713209152220,0.0462437383830547,8242,33.900546593787500,4.245833888814830,0.1986664979178680,0.0015937083161164,0.8626330738443870,0.3774077296257020,0.0753733590245246,4214,217.38349159970800,8.062332602873150,0.1430844176794510,0.0010550498774295,0.724162617632679
72,2,1,0.1332233399152760,0.0286003015935421,43314,20.69822620201910,3.006330918838760,0.3033656265211080,0.0040954685188425,0.7906595291749860,0.2142296731472020,0.0266709942370653,48862,24.55278971685100,3.325012330518290,0.2822065586793600,0.0039831649890165,0.7174937453622920,0.3406738340854650,0.0528439097106456,12163,19.976288565412400,3.216973358967320,0.2535486652394560,0.0023449080267573,0.9427817994658130
73,2,1,0.0,0.0,14693,0.0,0.0,1.0,1.0,0.0,0.0046437587589025,0.0015200524358078,505,0.376590330788804,0.376590330788804,0.811704834605598,0.3736443745184490,0.0382936507936507,0.0139946173876523,0.003580299206078,51,1.8974358974359000,1.0769230769230800,0.5435897435897440,0.133464825772518,0.1103575832305800
74,2,1,0.0498705990612506,0.0393275804817676,164181,95.8599267600173,5.790994177208610,0.3542949204402770,0.0094371580089717,0.5038246678562200,0.1942987293004990,0.0491145774722099,94941,47.85507155770200,3.3441907232876400,0.3875685150632400,0.0032859104365156,0.8412468152427100,0.4128002822399140,0.0646097362041473,50500,3.339719088187890,1.4609716785632100,0.4400911026515700,0.0029947675836826,0.9937737054220760
75,2,1,0.1218773946166040,0.0397800467908382,15762,84.88166561658740,5.687439143135350,0.2173034432355810,0.0019115800949226,0.6425110521370980,0.2270174920558930,0.0314369015395641,23538,21.347914373088700,3.3547155963302800,0.2521650467133780,0.0029489647897202,0.8107638323632380,0.3425334393978120,0.0526599250733852,12765,30.02168542410100,4.118492085277700,0.2094640151107480,0.0021336990239556,0.917601970234202
76,2,1,0.1083470657467840,0.0179781951010227,4926,3.185100432240020,1.4312229849987300,0.4474650897830330,0.0136196883871462,0.9215865354504150,0.1554510593414310,0.015341954305768,7303,3.430136048601010,1.4898605287926800,0.4337358820497950,0.0142089485048057,0.8724084801293710,0.226767361164093,0.0285178311169147,2415,7.544642857142860,2.2274159663865500,0.3169254996418950,0.0057922065885177,0.923825416902368
77,2,1,0.104189820587635,0.0352059602737426,13830,85.82296389488930,6.411185225627270,0.1773326158536980,0.0016182378334663,0.4770994483433630,0.2035789638757710,0.033335905522108,11411,83.27743557511000,6.71615336266499,0.1490528325948860,0.001642676178583,0.387716632816061,0.3463046848773960,0.0755836889147758,2691,83.08884120171670,6.227038626609440,0.1465031797339870,0.0016291513934682,0.8931348601986330
78,2,1,0.0514372065663337,0.0440621376037597,25153,68.55056701372770,5.477684196564760,0.2423715473511530,0.0065835415055524,0.6867475591989490,0.2112354487180710,0.0422496013343334,30838,107.01654516640300,7.455382989963020,0.1406302526128600,0.0010303959118714,0.499312016544794,0.3585974872112270,0.0652876570820808,16717,264.11214953271000,10.056991020707300,0.1253848461853740,0.0008693313667025,0.5470763366317990
79,2,1,0.0634600445628166,0.0424895472824573,26422,98.5364449903492,6.941919635023690,0.1679986854133550,0.0019013011059189,0.5658692617245660,0.2077071666717530,0.0424223057925701,29445,133.43619047619000,8.852910052910060,0.1042103702952990,0.0008672921810699,0.3802950605770820,0.3626006543636320,0.062701940536499,21783,266.9307217558690,11.674505368022100,0.0862470377675202,0.0006384488178119,0.4998857439323910
80,2,1,0.1837464869022370,0.0433955006301403,13778,21.394157630684600,3.690322058585530,0.2101738474686950,0.0017637978702013,0.9079998100164050,0.3238880038261410,0.0410148091614246,13396,73.19781241861680,5.907809070277910,0.1656174092353070,0.0013740451213003,0.6261716481518560,0.4823174476623540,0.0677911266684532,5745,124.8773722627740,7.200364963503650,0.1375947738540890,0.0010086612232937,0.7924238802627670
81,2,1,0.0611736699938774,0.0427558608353138,25991,172.2033275295030,8.99685625846392,0.2256695196924840,0.0023223597024929,0.2187707367271320,0.208774521946907,0.0535978749394416,20922,130.66185921958700,7.550535577658760,0.1506512180603670,0.0010776714928561,0.6273104552036110,0.5213260054588320,0.1425287276506420,2198,217.6932546806870,10.534496024621700,0.0933163980706852,0.0006033994682743,0.9148152840499820
82,2,1,0.1319559067487720,0.0266004540026187,41683,62.30182271029100,5.243483788938340,0.2816047379459710,0.0031326350044115,0.3452809608656330,0.2417502254247670,0.0419575907289981,13814,54.40113509678730,4.708354447484880,0.227906340945566,0.0022882230812926,0.7346101436321900,0.4339860677719120,0.0854552760720253,3031,114.54883081155400,6.335625859697390,0.1811395334777920,0.001171825481667,0.8749372820780840
83,2,1,0.1810978204011920,0.0476887002587318,13060,50.916624214637500,4.40346408558329,0.2614946222026170,0.0024274850281806,0.7963555872007180,0.3081853985786440,0.0351228713989257,23633,47.75919785565370,5.003236374466400,0.1838416565489780,0.0017861797895515,0.6691485206569340,0.4301782548427580,0.0572882518172264,11384,41.505754341912500,4.791169700774220,0.1731682219221780,0.0017596667886956,0.9040174789554160
84,2,1,0.1861090809106830,0.0653601661324501,55075,16.036068838575400,3.0004727371480900,0.2687207569246390,0.0014933880693521,0.9694259443048650,0.4123410284519200,0.0803521275520324,36323,34.35283987822500,4.47701343829761,0.1884540879865600,0.0009554472688345,0.9554588238279760,0.7733919024467470,0.1116789504885670,12376,54.38429495701500,5.673313834972970,0.1558058699090790,0.0004988999387138,0.963805484988248
85,2,1,0.0924040824174881,0.0329007320106029,22613,80.12893939393940,6.549,0.151421915330966,0.0014838875114784,0.4195731304865850,0.2050273269414900,0.0410381481051445,14718,100.9047619047620,7.540078375489850,0.1239334059890630,0.0012424354571524,0.4854740284625560,0.3897265493869780,0.0896754786372184,4247,254.13402911288100,10.643779181543500,0.0996930142756782,0.000724189950864,0.7698700022368920
86,2,1,0.1616162061691280,0.0244984421879053,60829,50.29125503747100,4.83816553368904,0.3065480697385220,0.0068778376903134,0.320928181124453,0.2824962735176090,0.0400313921272754,30651,96.1236535839244,6.806316924410430,0.1758015226254650,0.0013873145130712,0.502461471624288,0.4510597586631780,0.0812831223011016,10874,347.43787295646300,11.196638536774800,0.1278860856876610,0.0008291040732979,0.5872188111649940
87,2,1,0.0880146920680999,0.0451590679585933,29303,53.24308077645590,4.51249664549602,0.2314353669990590,0.0018997862055594,0.7854258441768900,0.2200680077075960,0.0399265624582767,33110,74.68506506807230,6.103671942210270,0.1610568125438840,0.0013398509459953,0.5983932933656890,0.3788261413574220,0.0771519541740417,9854,80.99469418692790,6.285814238236840,0.1486298056481850,0.0011649875129013,0.8969648910804110
88,2,1,0.2123811244964600,0.0542057193815708,12056,127.1064129668780,7.494529134676010,0.1511571897471460,0.0008538489811385,0.6501984121308140,0.3778201341629030,0.0515114367008209,13175,56.54228790077850,5.694946562871090,0.1540257224025650,0.0010677674754431,0.8115473053521000,0.5821120142936710,0.0994560942053794,5493,83.26986506746630,6.958449346755190,0.1295475321517860,0.0008518290804112,0.935698235664042
89,2,1,0.0806621387600898,0.0189225412905216,44573,28.174206593406600,3.470065934065930,0.3882787776629190,0.010806415379785,0.3940095124452550,0.1654459983110430,0.0284592192620039,14227,22.136401375874700,3.445221998181320,0.2480457248534180,0.0034687832540083,0.7567534572373280,0.2939087748527530,0.064938873052597,4093,34.66326070623590,4.463410969196090,0.1941747131521160,0.0019032480394409,0.9375425535749220
90,2,1,0.2298343181610110,0.0873141512274742,30990,309.09173543463400,8.629118322268410,0.2229748943996210,0.0008722759117247,0.6874086702452190,0.4949758648872380,0.0696387290954589,46011,336.0192167675250,12.24957926021410,0.1229684877340790,0.000465331584736,0.4215176211404870,0.7242462038993840,0.0905263274908065,27889,502.8210507208800,13.166035680946000,0.1336446328716390,0.0005347620188133,0.5208930185517250
91,2,1,0.1342135220766070,0.0432452633976936,14064,17.26221800798070,2.8292837106396400,0.3078770345612480,0.0026597451358843,0.924235967885829,0.3020207583904270,0.054081991314888,8761,37.05055323659980,4.781024315908040,0.1720340631855520,0.0013005827791366,0.8891371700762360,0.5122513175010680,0.0774219408631324,5176,45.108543039205100,5.183281131871690,0.1641058126784090,0.0009385263327388,0.9407054421749760
92,2,1,0.0321259759366512,0.0184621624648571,19654,22.239952784079400,3.037975617403490,0.378340681339706,0.0218743728452224,0.4909120334985840,0.1436056047677990,0.039945762604475,4057,48.972900814310500,4.9766386330263000,0.1835556540158150,0.0020617452196139,0.7292726524108280,0.3243759870529180,0.0876512229442596,1165,60.93683083511780,6.146680942184160,0.1412290777381030,0.0013560977399135,0.942150511848782
93,2,1,0.2873196303844450,0.0605748742818832,8030,53.97152002090270,4.485074139395130,0.2216917566896270,0.0013116223374209,0.8791880805987380,0.4709506034851070,0.0550506822764873,7511,151.9589871611980,8.515810746552540,0.1292346524181680,0.0007996199189211,0.5793757929967460,0.6635852456092830,0.068199336528778,6007,90.53277591973240,6.805685618729100,0.1320060301730800,0.0007979357054171,0.8372575836952980
94,2,1,0.0808991193771362,0.0452750474214553,34179,115.51425535417600,6.0464253109238700,0.3753101666052700,0.0266906122413609,0.5787033964888410,0.3260330855846410,0.0736790299415588,22783,165.87116934614900,8.690530580578420,0.1291735851144960,0.0005479053519689,0.73950546572022,0.5808770060539250,0.0729724168777465,35583,356.0043544443930,12.424336915909400,0.1132670666713070,0.0004087250350383,0.4882284272459740
95,2,1,0.1535038948059080,0.0546746738255023,27814,109.49740701414200,6.622932151485770,0.2219550519113070,0.0016847459885782,0.696376246592591,0.3496727049350740,0.0572555176913738,24841,215.9635874413230,10.600149159878900,0.1019524935630230,0.0005468063880572,0.4500481303776450,0.56996089220047,0.0949421003460884,8567,238.79909263687100,10.266691189994500,0.1079388707007730,0.0005417316026112,0.7968265710482220
96,2,1,0.1165256276726720,0.0548290237784385,40176,100.9715185841530,6.52269594727637,0.2034556651489560,0.0017535963208058,0.7125636316029510,0.3260725438594820,0.0617313459515571,39934,209.9485478155890,10.043403578684900,0.1177419583141570,0.0005648388147235,0.5193368108077310,0.5557546019554140,0.0877042189240455,30240,113.07366388575200,7.860432074028200,0.1171391812506680,0.0005498995543287,0.885796227801837
97,2,1,0.1183318644762040,0.0340288095176219,21767,60.50452765786570,5.164300773014760,0.2207727513559540,0.0021185545019008,0.5894117372946950,0.2219549864530560,0.0373826064169406,12693,34.39052211814890,4.465825836965590,0.1889081175459810,0.0021721750249535,0.7857949385773660,0.3949696719646450,0.0911347866058349,3657,56.41341705221410,5.838400528750830,0.1459205401863390,0.0011367662239004,0.9476960010366170
98,2,1,0.1776892840862270,0.0360828302800655,35480,93.99779700222840,6.571389837401820,0.2393565599881750,0.0036400411771522,0.3722157794375660,0.3435037732124330,0.0499601550400257,22546,145.55764593148600,8.649237403178150,0.1232147442524120,0.0007926339594875,0.5067709846234640,0.5248937606811520,0.0730419978499412,15733,127.36204016013600,7.603253160167700,0.1266271481613360,0.000762621323885,0.8121745671811870
99,2,1,0.1267891824245450,0.0359005816280841,9383,29.998073654390900,3.91671388101983,0.2253379808930740,0.0022205587076374,0.8086027566555620,0.2377651333808900,0.0347338505089283,10330,49.78570374378900,5.276233580951440,0.1694959714369370,0.0017765300605624,0.640063843613947,0.3767020404338840,0.0614335834980011,4185,101.0628973353170,6.70931962667388,0.1394760702080930,0.0012413356747709,0.8079033786160070
100,2,1,0.103309117257595,0.0610342994332313,24862,129.0405016338430,7.56951337984633,0.1539845694836210,0.0008292919987749,0.7160449080629950,0.3277220427989960,0.0667585432529449,23215,236.42595548541000,10.885198271069100,0.1006612095807740,0.0004721483126889,0.5551470579111230,0.5628660917282100,0.0814022272825241,20961,254.89680757199000,10.584703617550300,0.1100718911173520,0.000453829858641,0.6927755670009890
101,2,1,0.3198116421699520,0.0658511742949485,9796,215.18160919540200,10.62552934059290,0.0965975395562552,0.0004862733865163,0.6004455229760470,0.5268879532814030,0.0617246516048908,11310,246.92542716478400,11.9748045178106,0.0780084842537874,0.0004676698194252,0.4458848317006670,0.7472862601280210,0.0838837400078773,6984,416.5758395460840,14.521343273734900,0.0726033490292109,0.0003701270155378,0.5602333154439900
102,2,1,0.3676276504993440,0.0401744954288005,8429,40.612993171155200,4.95273237273137,0.1675356693849640,0.0013999434014786,0.7946449322345910,0.5053309798240660,0.0505556352436542,4417,78.64071423407790,6.70808935155064,0.1360419113759220,0.0011102895357359,0.7310917474492180,0.7434143424034120,0.0988155156373977,1104,240.4403076923080,11.839692307692300,0.081049544402388,0.0005475502958579,0.7989252892693920